Country Name,Country Code,Access to electricity (% of population),"Compulsory education, duration (years)","Employment to population ratio, 15+, total (%) (modeled ILO estimate)","GDP per capita, PPP (current international $)",Individuals using the Internet (% of population),"Industry (including construction), value added per worker (constant 2015 US$)","Inflation, GDP deflator (annual %)",Land area (sq. km),Merchandise exports by the reporting economy (current US$),Military expenditure (% of GDP),Net migration,Population ages 15-64 (% of total population),Proportion of seats held by women in national parliaments (%),Renewable energy consumption (% of total final energy consumption),Urban population (% of total population),"Vulnerable employment, total (% of total employment) (modeled ILO estimate)",happiness_score,social_support,healthy_life_expectancy_at_birth,freedom_to_make_life_choices,generosity,perceptions_of_corruption,positive_affect,negative_affect
Afghanistan,AFG,71.5,9.0,42.906,2284.0758478934936,8.26,2399.1279352819465,2.447563001474037,652230.0,571404989.0,0.9945758227236452,-286314.0,51.3839679093288,27.710843373494,17.7,24.4649118421568,84.13296313383731,3983.0,529.0,52.6,389.0,82.0,881.0,491.0,339.0
Angola,AGO,42.0,6.0,63.638,8067.485846830182,22.0,55045.35966179211,-2.95734582640344,1246700.0,33676900241.000004,3.10542629308278,74171.0,52.0344151201028,36.8181818181818,47.1,63.51567832685,65.26278380482658,,,,,,,,
Albania,ALB,100.0,9.0,45.955,11571.706559893077,56.9,14499.44284104722,0.7715762906115913,27400.0,2006221383.0,1.16230386432234,-20500.0,68.4632957891861,20.7142857142857,38.5,55.1579291374894,56.450566600066,4607.0,639.0,69.0,704.0,-82.0,885.0,579.0,0.35
United Arab Emirates,ARE,100.0,12.0,76.599,73986.0636395945,90.5,95523.4303613922,-16.059832127168832,71020.0,167659641106.0,,342468.0,81.6642098864586,22.5,0.1,84.3284383471193,0.779650834551746,6568.0,824.0,65.4,915.0,193.0,,722.0,296.0
Argentina,ARG,99.7,14.0,54.744,19899.149927524544,68.0431,34434.04865202157,26.57999160247072,2736690.0,55594213439.0,0.8501285974638151,5464.0,64.0810849650845,,9.4,91.4923019108628,20.60437204667696,6697.0,926.0,66.9,881.0,-178.0,851.0,768.0,305.0
Armenia,ARM,100.0,12.0,50.3,9756.84084836026,59.1008,14124.139766707558,1.213909904710846,28470.0,1475354720.0,4.23922578573229,-15225.0,68.961951131008,10.6870229007634,10.7,64.4929623431549,44.713284091974,4348.0,723.0,66.0,551.0,-207.0,901.0,527.0,438.0
Australia,AUS,100.0,11.0,61.135,46464.58676279291,84.5605,135642.4887830884,-0.6274079346060546,7682300.0,182619212915.0,1.9523262850199297,212350.0,66.1974159681463,26.6666666666667,9.4,86.8778642539361,10.19636020125781,7309.0,952.0,70.6,922.0,328.0,357.0,0.75,0.21
Austria,AUT,100.0,10.0,56.73,49549.31623114405,83.9401,89458.95955781023,2.2926347015487067,82520.0,152592052791.0,0.7025769198330389,115175.0,67.234719049435,30.6010928961749,34.8,67.5576175537383,10.208779216502071,7076.0,928.0,70.4,0.9,95.0,557.0,748.0,164.0
Azerbaijan,AZE,100.0,9.0,60.386,15075.272634791074,77.0,37983.967209537215,-8.809615566099524,82663.0,12728254500.0,5.46487679293858,1073.0,70.7521032313631,16.9354838709677,2.3,55.1570486328276,55.350505621417,5147.0,786.0,63.1,764.0,-201.0,616.0,0.52,206.0
Burundi,BDI,7.9,,78.337,722.0328983799333,2.0,2715.895026780028,5.991542573549651,25680.0,101741287.0,2.1313199145947404,-236207.0,50.7329704786026,36.3636363636364,91.2,14.6695085474754,86.1758448110596,,,,,,,,
Belgium,BEL,100.0,12.0,48.842,46071.914889496016,85.0529,91656.3671117768,1.1218385191681648,30333.0,392692699536.0,0.9118299650092168,63536.0,64.8430252778753,39.3333333333333,9.4,86.2212893480444,11.833142503129327,6904.0,885.0,70.0,869.0,58.0,469.0,747.0,0.24
Benin,BEN,29.6,6.0,72.132,2725.3372481714405,11.255,2465.337270671917,0.8515042611802102,112760.0,624862119.0,0.7984852978897811,3369.0,53.5644826221245,7.2289156626506,49.9,45.9407403257663,83.0559753050062,3625.0,434.0,54.3,733.0,-26.0,0.85,555.0,373.0
Burkina Faso,BFA,16.2,10.0,75.102,1691.5793538740809,6.55,2585.108931929292,-2.223954179193143,273600.0,2216923254.0,1.25078088033268,-19726.0,51.9206377296387,9.44881889763779,78.8,25.621432645225,80.817784226981,4419.0,705.0,53.4,659.0,5.0,693.0,555.0,359.0
Bangladesh,BGD,74.0,5.0,53.972,4212.235780894276,12.9,4318.885739712089,5.872777041023227,130170.0,24643402526.0,1.20851710681525,-909223.0,63.9150578117155,20.0,33.1,29.5395099477892,57.902961981056,4633.0,601.0,63.8,815.0,-82.0,721.0,543.0,226.0
Bulgaria,BGR,96.6,10.0,49.252,17652.947096756332,56.6563,13596.376100394633,2.947746378600911,108560.0,24546625083.0,1.24593360652028,-4227.0,65.8828672924077,20.4166666666667,17.9,73.1030578613281,7.338142781195309,4865.0,908.0,65.9,637.0,-205.0,941.0,556.0,214.0
Bahrain,BHR,100.0,9.0,70.528,48034.24688805034,93.4783,47070.65861546235,-8.756673402469445,778.0,13868860100.0,4.644111349036399,36809.0,76.9024568320374,7.5,0.0,100.0,0.9966401000156272,6007.0,853.0,66.2,0.85,107.0,,653.0,303.0
Bosnia and Herzegovina,BIH,99.7,9.0,36.054,11066.154068834703,52.6,11106.897059685783,1.3954881238710757,51200.0,4988335509.0,0.988857622509173,-33948.0,68.4674654164134,21.4285714285714,25.2,47.5711645087011,21.27154585782493,5117.0,656.0,67.0,631.0,-55.0,0.96,486.0,286.0
Belarus,BLR,97.4,9.0,60.49,18133.53130858829,62.2304,11950.97963020332,16.02249378973346,202978.0,26338128900.0,1.13806602416355,18088.0,69.5172848567025,27.2727272727273,6.8,76.6263885498047,7.32461595766971,5719.0,924.0,65.1,623.0,-95.0,669.0,546.0,184.0
Belize,BLZ,91.8,8.0,59.031,9538.386911460088,41.59,14435.192614495862,-0.1896950672615105,22810.0,320250415.0,0.8928305059736991,1596.0,64.0869635986563,3.125,30.3,43.931184585988,26.1975170874599,,,,,,,,
Bolivia,BOL,91.5,14.0,65.437,8757.317771154065,37.4868,7353.929723608464,-4.620602258456358,1083300.0,8736031382.0,1.75943591545975,-10525.0,61.8000754445988,53.0769230769231,14.2,68.3958051297665,67.3596828992072,5834.0,829.0,62.7,884.0,-31.0,862.0,749.0,393.0
Brazil,BRA,99.7,14.0,58.787,14821.438317518334,58.328,16619.43292661108,7.566175007869049,8358140.0,188086189100.0,1.36551715396161,-173611.0,69.6409897160951,9.94152046783626,43.7,85.6935697061881,26.25708503243282,6547.0,907.0,64.7,799.0,-19.0,771.0,687.0,325.0
Bhutan,BTN,95.4,,61.593,10213.813960892168,39.8,26143.484527418103,3.209777274453174,38117.0,685953897.0,,450.0,67.4120801816861,8.51063829787234,81.6,36.6983375690037,72.7974166519113,5082.0,848.0,62.6,0.83,276.0,634.0,723.0,312.0
Botswana,BWA,62.1,,50.428,14143.694073372764,37.3121,42896.09751177408,3.730305856295459,566730.0,6329690145.0,2.82519449903662,-9599.0,62.0886517467422,9.52380952380952,26.1,65.4103584313295,27.899261046599328,3762.0,816.0,52.8,857.0,-105.0,0.86,676.0,261.0
Central African Republic,CAF,12.7,10.0,69.181,768.8708879991735,2.9,1560.1709842964676,2.708263107852815,622980.0,190201178.0,1.57531677890907,-63045.0,49.0395620696385,,92.9,39.9824421267351,79.6020025399142,,,,,,,,
Canada,CAN,100.0,10.0,61.311,44668.09128143034,90.0,103401.58412398124,-0.86765132022812,8965590.0,408291050226.0,1.15270937445521,224332.0,67.7571212622664,26.0355029585799,22.3,81.2465670276699,10.474287242647762,7413.0,939.0,71.1,931.0,249.0,427.0,792.0,286.0
Switzerland,CHE,100.0,11.0,64.942,65265.04573355997,87.4791,177091.54932851702,-1.2650567013788103,39510.23,289806245654.0,0.651341082840214,71876.0,67.2522559933481,32.0,23.9,75.6044960143169,10.26878120485536,7572.0,938.0,71.7,928.0,102.0,0.21,794.0,166.0
Chile,CHL,99.7,12.0,58.149,22468.31257455472,76.6296,34135.62110617424,4.954365530025754,741682.76,61699196108.0,1.9096233898132,55689.0,68.8110909659556,15.8333333333333,25.1,87.4653320342387,19.840745401878483,6533.0,827.0,69.4,769.0,34.0,812.0,752.0,333.0
China,CHN,100.0,9.0,66.078,13463.333151110472,50.3,20703.05481512005,0.1372612006023956,9388211.0,2275977192969.0,1.77677106896806,-646941.0,71.6284345359877,23.6228455559311,12.2,57.3297843933105,37.3670101435152,5304.0,794.0,68.0,,-247.0,,667.0,171.0
Cote d'Ivoire,CIV,62.6,10.0,65.217,4403.642966189985,38.44,11317.612107235314,4.775682372708275,318000.0,12469684137.0,1.24391728133935,522.0,55.2565346841825,9.16334661354582,64.5,49.4694894689553,73.3441705576149,4445.0,704.0,52.5,0.8,-55.0,744.0,614.0,347.0
Cameroon,CMR,58.6,6.0,68.65,3497.660675639586,18.3,6380.487431725324,0.309791677780538,472710.0,3997911346.0,1.09889864309409,42008.0,53.994740112473,31.1111111111111,78.1,52.6440863142742,73.5754353091425,5038.0,646.0,51.8,791.0,44.0,868.0,624.0,346.0
"Congo, Dem. Rep.",COD,16.6,6.0,62.391,910.3931316386568,3.8,7023.298589285162,-1.4208820605930867,2267050.0,8682416554.0,1.22338305167721,-17711.0,50.8833816366305,8.94308943089431,95.8,41.3435764444694,80.9942726162592,3903.0,767.0,52.4,574.0,-46.0,866.0,538.0,301.0
"Congo, Rep.",COG,44.3,10.0,54.475,4715.134315816243,7.61597,15967.888740071974,-17.253987544945787,341500.0,7871293654.0,,-18207.0,55.4321113712672,7.35294117647059,64.2,63.135592763847,75.49059900903866,4691.0,642.0,54.9,0.85,-126.0,841.0,555.0,261.0
Colombia,COL,98.2,12.0,61.275,13332.055504821144,55.905,19459.02587975225,2.4493284205200325,1109500.0,34391313483.0,3.10996008410671,-41123.0,68.40138641436,19.8795180722892,31.1,77.1636280538646,43.7094749790026,6388.0,0.89,68.3,791.0,-103.0,843.0,803.0,292.0
Comoros,COM,74.1,6.0,44.226,2949.4734224099275,7.45916,2842.113849447238,-0.5229811208031663,1861.0,16007482.0,,-2815.0,55.9251502032526,3.03030303030303,67.0,30.3732008585112,57.58684485235597,,,,,,,,
Costa Rica,CRI,99.4,13.0,57.523,17525.1404625145,59.763,28430.18835403872,3.9552153969885495,51060.0,9576720498.0,,1617.0,68.7112504393645,33.3333333333333,38.3,75.0198195767549,26.533300296031587,6854.0,878.0,70.0,907.0,-66.0,761.0,811.0,286.0
Cuba,CUB,99.0,9.0,54.218,,37.3051,22606.519449407708,3.4390487630235214,104100.0,3076768704.0,3.08379144526184,-24910.0,69.1005980497939,48.8562091503268,21.1,76.8702850341797,19.40883983216645,,,,,,,,
Cyprus,CYP,100.0,10.0,54.519,29315.724609375,71.7157,22385.70921701782,-0.7542314304523217,9240.0,2769197925.0,1.6476676274438802,11277.0,71.5197152279025,12.5,10.4,67.0402477918073,12.61101116153343,5439.0,0.77,71.6,628.0,109.0,893.0,0.66,383.0
Czechia,CZE,100.0,9.0,56.375,34093.02805937477,75.6688,33088.65729431711,1.234536458596125,77210.0,157734319907.0,0.941202924537164,5037.0,66.6295181305301,20.0,14.8,73.0370442874355,13.814761325026048,6608.0,911.0,68.3,808.0,-0.15,886.0,689.0,206.0
Germany,DEU,100.0,13.0,57.442,48545.40072196204,87.5898,78775.67371569782,1.744439890375432,348860.0,1321923182125.0,1.11541840455009,1175283.0,65.7365353514053,36.4500792393027,14.6,80.6974371632814,6.153342195047522,7037.0,926.0,70.1,889.0,173.0,412.0,722.0,203.0
Djibouti,DJI,59.1,10.0,24.089,4263.962888904554,22.9,32045.95519189495,1.7393488019640415,23180.0,4255685632.0,,1723.0,61.8426404446479,12.7272727272727,24.8,71.0068853915837,31.94459006889235,,,,,,,,
Denmark,DNK,100.0,10.0,57.558,48897.20997766112,96.3305,111825.17651687052,0.4091029187406292,40000.0,94837981566.0,1.11481302624419,42284.0,64.3803658918722,37.4301675977654,32.5,87.7254056577329,6.49450081271859,7514.0,0.96,70.5,941.0,218.0,191.0,801.0,218.0
Dominican Republic,DOM,98.6,15.0,57.291,14804.097406965937,54.2158,23736.721401606545,2.3811606489326778,48310.0,8945001985.0,0.643674978238558,-36375.0,65.0659009361821,20.7650273224044,14.9,74.1372305958285,41.80235585150157,5062.0,893.0,63.2,856.0,-68.0,755.0,695.0,295.0
Algeria,DZA,99.4,10.0,37.701,13807.351584147766,38.2,18421.18374268455,-4.986744796089553,2381741.0,34542042745.0,5.55074215961894,-27638.0,65.7623256885407,31.6017316017316,0.1,70.1433070861612,27.04873841953247,,,,,,,,
Ecuador,ECU,98.8,15.0,63.284,10877.750746138814,48.9404,20461.6739554645,-5.475632656715348,248360.0,18310392097.0,2.6720726618256,14724.0,64.3119900284178,41.6058394160584,13.1,62.959188676731,44.8841060781396,5964.0,856.0,67.5,801.0,-117.0,666.0,816.0,323.0
"Egypt, Arab Rep.",EGY,99.3,12.0,40.846,10903.336823118483,37.8194,17769.830640931694,9.930889730359825,995450.0,20572467732.0,1.72314742829085,-193298.0,61.7368302860934,,5.3,42.6056314089048,19.65452054539183,4763.0,0.73,62.0,659.0,-88.0,684.0,554.0,344.0
Spain,ESP,100.0,10.0,45.693,35228.6333036223,78.6896,65633.88030168731,0.5524418160457856,499661.0,273346854227.0,1.25969265356283,-1979.0,66.4614550787613,41.1428571428571,16.3,79.2454892743023,12.578050309245128,6381.0,956.0,71.6,732.0,-76.0,822.0,705.0,285.0
Estonia,EST,100.0,9.0,57.854,29712.62994737281,88.4097,26965.13364220669,1.306439076945594,43470.0,12735292801.0,1.98944501754528,4261.0,65.0969209844087,23.7623762376238,28.2,68.4796609690553,7.56713258685905,5629.0,918.0,68.3,815.0,-167.0,569.0,649.0,183.0
Ethiopia,ETH,29.0,8.0,76.079,1632.618180068367,13.8552,2844.897468211705,10.836542785101727,1128539.4,2023349522.0,0.70541465068261,62785.0,54.2131245567384,38.7568555758684,91.5,19.451566696167,86.8080524689374,4573.0,626.0,58.3,803.0,112.0,567.0,623.0,237.0
Finland,FIN,100.0,9.0,53.253,42257.85937912968,86.4221,105355.59107203064,1.6327023791813389,303910.0,59543527054.0,1.4581906066834098,12655.0,63.4339270226978,41.5,43.2,71.3054930040604,10.983224728008675,7448.0,948.0,70.7,0.93,107.0,223.0,736.0,191.0
France,FRA,100.0,10.0,49.862,40905.17677509936,78.006,76162.00655343568,1.13444009013935,538950.0,502384719365.0,1.86973268204402,-345.0,62.9034115542196,26.1698440207972,13.3,77.7610919150066,7.316759815022741,6358.0,896.0,71.7,817.0,-143.0,641.0,0.74,215.0
Gabon,GAB,87.3,10.0,40.41,14306.434076825177,45.7845,90375.68837259329,-8.927172453279553,257670.0,10653028307.0,1.18502560854907,12041.0,59.4011630143124,14.1666666666667,81.9,88.085308383892,30.82913045306984,4661.0,756.0,56.3,671.0,-194.0,867.0,0.6,372.0
United Kingdom,GBR,100.0,11.0,58.793,42515.278865824046,92.0003,91205.84816326182,0.6691720033301038,241930.0,451654572270.0,2.04890800410498,347839.0,64.349417600625,29.3846153846154,7.7,81.8243772295647,12.544236444275764,6515.0,936.0,69.7,833.0,296.0,456.0,0.74,219.0
Georgia,GEO,100.0,9.0,55.239,12269.652893276783,47.5698,17364.92090627018,5.377421676518978,69490.0,2197694919.0,1.96739841458037,-13321.0,66.4359840145481,11.3333333333333,27.5,57.3803800455672,52.5224603854618,4122.0,517.0,64.2,0.64,-208.0,502.0,448.0,233.0
Ghana,GHA,74.0,11.0,64.54,5191.370533896588,23.0,7797.974161818749,13.25296668073625,227540.0,13750592026.0,0.392915126090548,-13306.0,58.0343822372177,10.9090909090909,44.0,53.6226415210752,70.7620853759152,3986.0,687.0,56.5,852.0,-0.04,945.0,675.0,265.0
Guinea,GIN,34.9,6.0,52.804,1929.6809133218671,9.2,4849.159179977125,2.972284899497496,245720.0,1574579208.0,2.5177315199509,-15117.0,53.1930038658731,21.9298245614035,76.2,35.0373191833496,82.9065471890642,3505.0,579.0,51.5,666.0,6.0,762.0,658.0,268.0
"Gambia, The",GMB,54.7,9.0,44.378,1990.316257509725,17.6,2574.35529182506,9.720362426752558,10120.0,84245075.0,1.00885846696253,-3224.0,53.834249856936,9.43396226415094,49.0,59.2458499408388,71.1644783238317,,,,,,,,
Greece,GRC,100.0,10.0,38.41,26607.72567969757,66.835,52526.45755370953,-0.1747537326421593,128900.0,28318519367.0,2.47743424261411,-43462.0,64.4361225877416,19.6666666666667,17.5,77.5194426317545,28.126465643969,5623.0,835.0,70.4,532.0,-275.0,824.0,637.0,277.0
Guatemala,GTM,90.5,16.0,59.077,8934.002611783962,28.8059,12472.491457339827,2.231613953754376,107160.0,10671779642.0,0.405967931287061,-48179.0,59.4359269367157,13.9240506329114,63.3,53.4411050262961,36.93156060331314,6465.0,823.0,61.5,869.0,49.0,822.0,826.0,311.0
Guyana,GUY,88.0,6.0,48.514,11408.473901348996,34.0,16598.05202161757,3.0043095168452254,196850.0,1165862848.0,1.08486547097887,-6527.0,64.4153583181445,30.4347826086957,25.0,26.4043918297579,29.839605109884367,,,,,,,,
"Hong Kong SAR, China",HKG,100.0,9.0,58.461,56043.04269569703,84.9484,42321.671941089546,3.6435694661644646,1050.0,517259199025.0,,10547.0,73.0763745892758,,0.2,100.0,5.994100006930052,,,,,,,,
Honduras,HND,90.0,12.0,60.152,4845.595665211255,27.1395,6271.167696292389,6.932770369463697,111890.0,3914064692.0,1.35173104039659,-6509.0,61.6653017303207,25.78125,50.8,54.3828473751434,37.71901349294,4845.0,772.0,61.3,534.0,-98.0,848.0,829.0,311.0
Croatia,HRV,100.0,8.0,44.095,22187.17739422802,69.845,24974.66113948384,0.1238601905676262,55964.0,12854785320.0,1.7487025038306,-27501.0,66.146261641978,15.2317880794702,33.1,55.5812594509004,11.61760971149939,5205.0,768.0,67.9,694.0,-102.0,849.0,0.57,294.0
Haiti,HTI,40.8,6.0,56.788,3025.834617282584,14.2,10081.387837341346,5.205963298221988,27560.0,1118937553.0,0.0399858125348653,-32669.0,61.575062208731,4.21052631578947,76.1,49.4334707759572,74.1410746225615,3.57,564.0,54.6,398.0,263.0,777.0,598.0,333.0
Hungary,HUN,100.0,13.0,52.382,26937.732081886443,72.8347,24833.86336697177,2.8111578867369644,91260.0,98514971137.0,0.904216708106145,13856.0,67.4528577545496,10.1010101010101,15.6,70.4847717285156,7.9433525620706,5344.0,859.0,66.6,558.0,-202.0,908.0,0.65,245.0
Indonesia,IDN,97.5,9.0,63.573,10027.537299602547,22.0627,12820.904731838387,3.980242660139609,1877519.0,150275111063.0,0.8822667344812389,-28487.0,66.9524898064165,17.1171171171171,26.6,53.1720771789551,48.2113835792613,5043.0,809.0,62.3,779.0,469.0,946.0,796.0,274.0
India,IND,88.0,8.0,48.985,5425.035990910462,14.9,4986.322064137334,2.2795881084983307,2973190.0,263890314300.00003,2.45745006060163,-655085.0,65.6177857140772,11.9705340699816,33.4,32.5472990022299,77.8760454344934,4342.0,0.61,59.1,777.0,-7.0,776.0,657.0,322.0
Ireland,IRL,100.0,10.0,55.658,71588.26566383777,83.4948,311330.5538303069,8.917812507995777,68890.0,122789479199.0,0.329854616599638,13376.0,65.5717708523171,16.2650602409639,9.5,62.6392123492764,12.690976985400688,6.83,953.0,70.7,892.0,228.0,409.0,748.0,225.0
"Iran, Islamic Rep.",IRN,100.0,9.0,37.258,14273.549906158638,45.335,16627.859248966015,0.197001678736953,1628760.0,39346420636.0,2.55709080686915,-46239.0,70.4023483018424,3.10344827586207,0.9,73.3561403575949,40.90727003774795,4.75,572.0,65.7,0.78,166.0,699.0,548.0,0.52
Iraq,IRQ,99.4,6.0,38.364,9334.466048663153,15.2,34123.573256574586,-28.76013538537589,434128.0,51480156974.0,5.412925320119251,-22338.0,56.578440064531,26.5243902439024,0.8,69.920524597168,28.19817707945357,4493.0,684.0,60.8,599.0,23.0,762.0,478.0,581.0
Iceland,ISL,100.0,10.0,73.626,49201.064096455295,98.2,101845.05216226888,6.75163002338077,100250.0,4740752243.0,,1499.0,66.1278163114535,41.2698412698413,78.0,93.727919768566,11.910234851874163,7498.0,0.98,71.9,0.94,296.0,639.0,794.0,0.18
Israel,ISR,100.0,13.0,62.157,35870.79271563012,77.3521,92279.48550420544,2.3610821174436154,21640.0,59974400000.0,5.42297442402595,29735.0,60.7391726852478,26.6666666666667,3.7,91.7042921554705,8.022435691302663,7079.0,864.0,71.8,753.0,105.0,789.0,652.0,256.0
Italy,ITA,100.0,12.0,42.837,37384.37964554059,58.1417,63223.29251086232,0.7827764777408959,295718.0,452108092182.0,1.20247316488401,39389.0,64.264608211041,30.952380952381,16.6,69.6100006103516,16.98382348179769,5848.0,909.0,71.6,575.0,-68.0,913.0,646.0,329.0
Jamaica,JAM,94.9,6.0,59.716,9476.149294650371,42.2212,13474.09998416998,12.47831984891397,10830.0,1258495683.0,0.872353476007681,-10335.0,70.1916016005515,12.6984126984127,12.1,55.1995248014924,37.0118077311931,,,,,,,,
Jordan,JOR,99.9,10.0,32.735,8967.079958378083,54.22,22598.3452974528,2.1697521169532337,88780.0,6547106775.0,4.1851629472753,490844.0,61.8721966857309,12.0,3.2,89.8881391939133,9.78037807138817,5405.0,0.83,67.6,767.0,-48.0,,617.0,305.0
Japan,JPN,100.0,9.0,57.485,40898.80697396,91.058,80088.51747932498,2.1112989932159394,364500.0,622936126315.0,0.947283532698529,168896.0,60.2326202870854,9.47368421052632,6.2,91.3532644103625,8.81954916259362,5.88,923.0,73.6,832.0,-161.0,654.0,702.0,176.0
Kazakhstan,KAZ,100.0,9.0,66.957,22484.36513826067,70.8299,31594.19568429683,1.8235498762864069,2699700.0,45953876623.0,1.1097215472116,-2011.0,65.5648456945962,26.1682242990654,1.7,56.1106048930882,25.617530717532965,5.95,931.0,63.4,0.74,-41.0,714.0,682.0,174.0
Kenya,KEN,41.6,12.0,72.237,3678.3261414601934,16.5879,6436.274491240916,9.23865468396285,571096.05,5820709336.0,1.20316940776845,-95977.0,55.557898541993,19.7142857142857,69.2,31.7338026039958,60.4082523896868,4358.0,777.0,56.1,793.0,212.0,853.0,673.0,172.0
Kyrgyz Republic,KGZ,98.7,10.0,57.049,4153.376699037203,30.247,2999.256551048863,3.427287502889527,191800.0,1421120031.0,3.45165293268545,-5071.0,63.2310498606937,19.1666666666667,23.5,35.1008937681291,36.906275052589,4905.0,857.0,63.7,813.0,197.0,858.0,658.0,173.0
Cambodia,KHM,62.7,,79.29,4433.64393500572,6.43319,3619.463132616179,3.0693593414164297,176520.0,7817676511.0,1.34520463175237,-58101.0,63.5016253499872,20.3252032520325,60.6,30.0669222549819,55.1735387706775,4162.0,729.0,60.7,956.0,208.0,825.0,731.0,399.0
"Korea, Rep.",KOR,100.0,9.0,60.361,39794.19611800428,89.8963,80048.37482553639,3.2284630074311167,97445.0,518479764797.0,2.3763712275445,276427.0,73.2814791976092,16.3333333333333,2.7,81.639489860678,19.71248162630329,5.78,768.0,72.0,616.0,-0.04,841.0,561.0,244.0
Kuwait,KWT,100.0,9.0,70.733,45267.30853474518,82.0,121408.28706466306,-25.95833082123802,17820.0,5533454974.0,5.0074693972269,129695.0,75.7839316888402,1.53846153846154,0.0,100.0,0.595306298647134,6146.0,823.0,70.2,822.0,79.0,,678.0,324.0
Lao PDR,LAO,89.7,5.0,58.812,6086.067304462196,18.2,23835.571218472032,2.348496006859179,230800.0,2855714841.0,,-12991.0,62.6351152820299,25.0,53.3,33.1240204432199,79.9914931027485,,,,,,,,
Lebanon,LBN,99.7,10.0,42.671,17045.898285301035,74.0,17393.18780588745,3.335784449021915,10230.0,3804346305.0,4.48517082491055,-239829.0,67.4143128379603,3.125,4.2,88.6246882038608,20.429224506286403,5172.0,742.0,65.7,597.0,68.0,889.0,524.0,243.0
Liberia,LBR,15.2,6.0,74.997,1340.4327974119658,10.0,3209.817326644854,0.062713425558087,96320.0,23858450.0,0.4786222509702459,-15182.0,54.4159576566323,10.958904109589,91.9,50.7434382961363,77.45724903369404,2702.0,638.0,52.5,671.0,-63.0,903.0,519.0,388.0
Libya,LBY,73.8,9.0,39.674,17903.256539580278,,51099.02288280096,-7.040707271953778,1759540.0,22860403643.0,,-7660.0,64.4962096702152,15.9574468085106,2.9,87.8159103393555,22.67438282483444,5615.0,868.0,64.3,775.0,-87.0,,652.0,369.0
Sri Lanka,LKA,94.3,9.0,51.243,12227.171484951274,15.26,12050.696747526068,3.014380803981595,61893.0,9744501692.0,2.41701116575955,-29797.0,66.3165734018565,4.88888888888889,51.3,18.796256612131,40.75027389374891,4612.0,863.0,66.6,902.0,313.0,859.0,789.0,235.0
Lesotho,LSO,31.8,7.0,52.592,3034.646929248482,25.0,3468.7454999592387,10.20303918549044,30360.0,538483226.0,1.86575300076387,-7087.0,59.4736368208574,25.0,46.0,34.0903875831861,33.28229583217504,,,,,,,,
Lithuania,LTU,100.0,10.0,53.755,26948.591937164463,71.3781,33434.07965062184,-0.0022527821753755,62650.0,25326628477.0,1.13486085095513,-22560.0,66.5062097265986,23.4042553191489,29.0,67.2282485961914,11.27625228586356,5711.0,929.0,65.3,641.0,-257.0,924.0,534.0,276.0
Luxembourg,LUX,100.0,12.0,55.801,107859.68599930758,96.3767,206394.6727502077,2.219180908374014,2574.46,16873147193.0,0.415571527949753,11377.0,69.2426817619957,28.3333333333333,9.1,90.9893679353068,7.393370290756874,6702.0,934.0,71.5,932.0,46.0,375.0,728.0,193.0
Latvia,LVA,100.0,11.0,54.108,22543.91831641047,79.2006,24268.361029127183,0.3868874178198496,62227.0,12239088449.0,1.07352247572393,-10826.0,65.3585402860759,18.0,38.1,67.8965395668259,9.43594790452318,5881.0,879.0,65.8,656.0,-82.0,808.0,559.0,228.0
Morocco,MAR,97.3,9.0,42.979,7799.09228515625,57.08,11961.560348792407,3.172935309671246,446300.0,20845104478.0,2.95999792230728,-81248.0,66.1307172558412,16.9620253164557,11.2,60.6417124737154,37.7308709836669,5163.0,606.0,63.3,713.0,-236.0,842.0,596.0,262.0
Moldova,MDA,99.9,9.0,68.964,9197.618382042723,69.0,9782.638961858403,11.574314959116847,32880.0,1938675321.0,0.295624500989931,-59399.0,70.0589368131714,21.7821782178218,24.7,39.6954040527344,60.51008468143717,6017.0,0.84,62.9,595.0,-93.0,943.0,556.0,281.0
Madagascar,MDG,23.8,5.0,84.506,1496.611724128411,4.17397,1868.3287151542952,6.503716691516104,581800.0,2061082607.0,0.520469241195104,-2594.0,55.2402498908382,20.5298013245033,83.9,29.1731079210354,85.56834214799781,3593.0,647.0,56.3,545.0,-0.04,861.0,674.0,226.0
Maldives,MDV,99.8,7.0,52.497,17875.098941926222,54.462,13945.730344168898,7.430475186644529,300.0,144172353.0,,9324.0,72.7749828332796,5.88235294117647,1.5,38.5771510715291,20.167439165701072,,,,,,,,
Mexico,MEX,99.0,14.0,57.941,19071.44441964658,57.431,31096.22701653036,3.225428926925148,1943950.0,380114657000.0,0.4507428239304499,-291044.0,65.3713988069245,42.3694779116466,9.2,77.1903854182753,25.8734166652499,6236.0,761.0,65.8,719.0,-156.0,708.0,706.0,237.0
North Macedonia,MKD,99.9,13.0,39.749,14045.071137177483,70.3802,12667.203035532228,2.003420845782415,25220.0,4530071523.0,0.99342769175221,-23010.0,68.5500811466163,33.3333333333333,23.9,59.0700383784659,21.7458833814632,4976.0,766.0,65.3,0.66,-51.0,824.0,551.0,299.0
Mali,MLI,37.6,9.0,69.57,2330.24293947692,10.33,6268.691541911635,2.818549066588645,1220190.0,1911098919.0,2.36017445199795,-48872.0,49.3759056489042,8.84353741496599,81.2,25.847015486705,81.6734143772091,4582.0,0.83,53.0,634.0,-66.0,0.8,696.0,243.0
Malta,MLT,100.0,11.0,52.635,35844.478646050586,75.96,34129.23032373427,4.200617638933807,320.0,2416585878.0,0.4569329020320339,9588.0,67.4423935430878,12.8571428571429,6.0,94.4387696268011,10.539205925689933,6613.0,919.0,71.3,912.0,341.0,664.0,641.0,355.0
Myanmar,MMR,60.5,5.0,64.216,4458.690544426586,10.9,5082.30918531458,4.136696739129306,653080.0,11431331423.0,4.30136045141842,-94108.0,67.8674858258047,12.6934984520124,70.0,29.7166821191682,63.4197974763633,4224.0,752.0,59.6,808.0,695.0,633.0,729.0,272.0
Montenegro,MNE,99.5,9.0,43.18,15033.061265649618,68.1198,15097.793349261274,2.2862125443609926,13450.0,335711531.0,1.40371759825531,-4863.0,66.9715591145357,17.2839506172839,43.0,64.8181652937171,17.51766624388479,5125.0,0.74,66.6,583.0,-148.0,781.0,534.0,337.0
Mongolia,MNG,88.0,12.0,56.773,10458.302724052422,22.5,15593.641179015442,0.609769217723354,1557255.4,4670174919.0,0.875507832442284,4307.0,66.6300187920446,14.4736842105263,3.5,67.9999999906095,45.73243903934217,4983.0,906.0,59.9,686.0,169.0,0.9,533.0,208.0
Mozambique,MOZ,24.0,,76.345,1317.8878595682163,6.5,3539.075516307136,7.059950335450154,786380.0,3229471575.0,0.826910016335521,-52374.0,51.5651798295306,39.6,80.1,32.1372836259918,83.9329454622233,4.55,666.0,48.6,813.0,87.0,632.0,0.56,0.34
Mauritania,MRT,39.5,9.0,37.826,3977.611712758632,17.6,12114.427640817696,-4.793908581923347,1030700.0,1830930375.0,2.15557240363879,-3019.0,52.2134686986765,25.1700680272109,28.3,51.6680350049622,54.84625456632607,3923.0,875.0,58.9,447.0,53.0,715.0,798.0,194.0
Mauritius,MUS,99.6,11.0,55.871,20269.523509561048,50.1393,16099.320532997284,1.4939897258068555,1997.0,2402829877.0,0.142301917631184,-3645.0,72.2583535786293,11.5942028985507,11.5,39.6709610617726,18.47936485718333,,,,,,,,
Malawi,MWI,10.8,8.0,63.64,1403.0845120923454,6.0,3655.673321261317,19.814669261197963,94280.0,1001442694.0,0.4508252778793019,-6471.0,51.5010809988559,16.6666666666667,81.0,15.8338504946918,61.00693640410526,3868.0,494.0,54.9,801.0,33.0,835.0,602.0,0.26
Malaysia,MYS,99.9,6.0,63.164,24526.394271601155,71.0641,28771.01650136856,1.2180557335533848,328550.0,199924006605.0,1.5038984270414602,187663.0,68.4748204191443,10.3603603603604,3.4,73.4387869957006,23.10909885406353,6322.0,818.0,65.8,675.0,0.22,838.0,733.0,314.0
Namibia,NAM,51.6,7.0,48.031,10465.892055851637,25.6879,25378.18955785527,3.864574350776607,823290.0,4482759175.0,4.52800016778678,12755.0,59.9581897734469,41.3461538461538,29.3,45.5103554445325,27.75348587970129,,,,,,,,
Niger,NER,16.6,,72.935,1172.19178758955,2.47622,3936.1442953168953,2.249426436212005,1266700.0,787713830.999999,,17051.0,48.3639658330415,13.2743362831858,78.9,16.3035606587493,89.6738370623966,3671.0,713.0,54.1,728.0,-33.0,703.0,665.0,218.0
Nigeria,NGA,52.5,9.0,77.453,7307.837881889246,22.5,8672.639472841256,2.86366512298946,910770.0,55083829994.0,0.417636537730714,-116162.0,52.709081986385,5.55555555555556,81.3,55.7325682057138,67.8949499147729,4933.0,812.0,53.1,0.68,-37.0,926.0,715.0,251.0
Nicaragua,NIC,83.2,7.0,62.036,5448.892260103172,19.7043,7157.252254414045,7.588485290698969,120340.0,4701328949.0,0.775537371941149,-24353.0,63.1222358152,41.304347826087,50.0,57.8149881864705,40.239993351770565,5924.0,827.0,65.2,809.0,76.0,728.0,771.0,346.0
Netherlands,NLD,100.0,13.0,61.897,50956.69309421852,91.7241,93820.79580888987,0.888432954114009,33670.0,562820447395.0,1.11786033539529,55585.0,65.6050618465085,37.3333333333333,5.8,90.2787737214621,12.28806138117156,7324.0,879.0,71.1,904.0,257.0,412.0,742.0,202.0
Norway,NOR,100.0,10.0,63.703,60737.8868132779,96.8103,226342.46425159785,-2.8044681119863952,365190.7,103148222600.0,1.49812327266489,30242.0,65.744297773447,39.6449704142012,56.5,81.2378240971353,5.274081876055205,7603.0,947.0,71.2,948.0,251.0,299.0,796.0,209.0
Nepal,NPL,82.0,9.0,35.943,2957.305591455043,17.5816,1647.347867993484,4.409045433287858,143350.0,659946627.0,1.36813102427041,-221062.0,61.4713594693201,29.5492487479132,85.2,64.9510094249155,79.9139735678029,4812.0,748.0,60.2,763.0,217.0,824.0,444.0,358.0
New Zealand,NZL,100.0,10.0,64.695,37513.29638724416,85.2,71950.53112468246,1.4639684282969654,263310.0,33707535141.0,0.987950412435414,70870.0,65.5662654049205,31.404958677686,29.3,85.1518763760531,14.19878135004806,7418.0,987.0,69.9,942.0,324.0,186.0,795.0,0.16
Oman,OMN,100.0,10.0,67.081,36058.1666084788,73.53,51120.03353792433,-19.14647251881657,309500.0,32478402665.0,9.57116730321235,133842.0,75.1763425366706,1.17647058823529,0.0,77.3025363037955,3.63380383644286,,,,,,,,
Pakistan,PAK,91.0,12.0,50.17,4480.263134609849,11.0,3666.939438929832,4.441980334385036,770880.0,22088891688.0,3.1629866450829605,-2172162.0,57.4178688790589,20.5882352941176,45.9,35.9017325715342,59.1906557434141,4823.0,562.0,55.8,587.0,79.0,717.0,469.0,329.0
Panama,PAN,91.6,11.0,62.805,27245.278840263127,51.2054,47043.84395461679,3.0147892855166845,74120.0,667091871.0,,8648.0,64.8908740567791,18.3098591549296,22.0,65.5287232947981,32.45428265303675,6606.0,883.0,68.3,847.0,-11.0,0.81,777.0,264.0
Peru,PER,93.9,14.0,73.42,11600.387399286728,40.8526,20807.4094110002,2.6905209007433086,1280000.0,33080427286.0,1.7450805494300898,2421.0,64.2983458972473,22.3076923076923,27.4,80.698277662669,51.4989695717702,5577.0,798.0,68.8,802.0,-93.0,884.0,744.0,378.0
Philippines,PHL,89.1,11.0,59.521,6894.267022179345,36.9,13129.420224869476,-0.719682789735927,298170.0,58374208184.0,1.08846303958172,-390702.0,62.6875930117321,27.2413793103448,30.8,51.1549047745227,34.84694980918157,5547.0,854.0,61.9,912.0,-53.0,755.0,796.0,351.0
Poland,POL,100.0,10.0,52.81,26988.1069013509,67.997,28608.05241795533,1.3207109172399498,306190.0,198397939082.0,2.12742384353358,3887.0,69.5235017932482,27.3913043478261,11.9,60.3362886805635,21.6307956742069,6007.0,893.0,68.0,793.0,-96.0,0.81,631.0,0.24
Portugal,PRT,100.0,12.0,51.291,29608.007151395595,68.6329,35398.10069063467,1.962446991372716,91605.6,53999398266.0,1.32892803352448,-3209.0,65.126992390842,34.7826086956522,27.2,61.137469211538,12.317272396820588,5081.0,866.0,70.5,0.8,-167.0,941.0,629.0,371.0
Paraguay,PRY,99.3,13.0,64.831,12679.057475323354,49.7163,22748.59646202093,1.603888060920383,397300.0,8351996268.000001,1.0674493490885202,-16834.0,64.283971221134,15.0,60.5,61.3302768533263,38.785090793703176,5.56,914.0,65.6,806.0,-17.0,863.0,832.0,219.0
West Bank and Gaza,PSE,99.9,10.0,33.852,5769.982366332032,56.7,9961.059784047658,-3.7070130167194577,6020.0,957810904.0,,-22903.0,56.6701131134906,,11.0,85.2182174537886,25.03471922970765,4695.0,766.0,,556.0,-0.17,774.0,536.0,369.0
Qatar,QAT,100.0,9.0,87.125,102545.86329127896,92.8848,97622.13266018292,-25.12989351441594,11490.0,76552878512.0,,177467.0,85.0004150650272,0.0,0.0,98.9382407681154,0.242165743136165,6375.0,,66.4,,,,,
Romania,ROU,98.8,10.0,47.749,20201.858456166166,55.7632,21581.875440563384,3.264534943325586,230080.0,60503973186.0,1.45071824376782,-35751.0,67.1333496502281,13.715710723192,23.7,53.7071839518893,18.91471626382365,5777.0,787.0,66.3,796.0,-145.0,962.0,627.0,312.0
Russian Federation,RUS,95.5,11.0,59.183,23994.013671875,70.0992,21098.41466083411,7.249735906788885,16376870.0,343193950549.0,4.87151474680202,384756.0,69.6107173405512,13.5555555555556,3.2,74.275919065527,5.968235719574045,5996.0,924.0,62.7,685.0,-175.0,913.0,609.0,0.13
Rwanda,RWA,22.8,6.0,53.466,1780.7417163686316,12.5,3104.2041374070195,0.4859287916489023,24670.0,410364871.0,1.21369473342003,-21862.0,55.8901563931752,63.75,86.3,18.1953149858416,42.79756323845086,3483.0,678.0,58.9,908.0,25.0,95.0,692.0,206.0
Saudi Arabia,SAU,100.0,9.0,56.403,53930.82738726219,69.6162,93055.57959811632,-15.826929193661982,2149690.0,244611462740.0,13.022838193007,465292.0,72.7032579683734,19.8675496688742,0.0,82.9562773406163,2.366306728607295,6345.0,0.82,63.2,0.82,-47.0,,668.0,327.0
Sudan,SDN,48.0,8.0,38.192,4217.01025390625,,6842.272958805453,14.022557439230084,1868000.0,2922296000.0,2.7129402331584203,66476.0,53.7669785515879,30.5164319248826,61.9,34.0914394628597,40.165761583908,,,,,,,,
Senegal,SEN,60.5,11.0,42.412,2994.2803271487464,21.7,9049.759327716492,1.0697846196460148,192530.0,2145745378.0,1.2090991706832,34387.0,54.1120274086851,42.6666666666667,39.1,46.2747669629858,65.79122940590089,4617.0,702.0,58.2,0.72,-114.0,765.0,0.71,208.0
Singapore,SGP,100.0,6.0,66.895,87156.18738331502,79.013,133820.22419226178,3.07195500966418,709.0,349400813758.0,3.04671265935693,41852.0,78.3192236422757,23.9130434782609,0.7,100.0,8.273199956993366,6.62,866.0,73.2,887.0,145.0,99.0,736.0,142.0
Sierra Leone,SLE,19.7,9.0,53.674,2560.0498580759267,6.34442,7943.843894110239,3.613324773924021,72180.0,229002956.0,0.581670050305266,-356.0,55.0124579849396,12.396694214876,74.0,40.7669565187099,86.53605462239568,4909.0,611.0,49.7,624.0,51.0,825.0,626.0,414.0
El Salvador,SLV,95.4,15.0,56.342,7933.736978589991,26.8026,10740.686535793271,1.3076177772310018,20720.0,5508347772.0,1.05682005889035,-51278.0,64.2917607348961,32.1428571428571,21.0,69.6982116699219,36.00088411999917,6018.0,791.0,63.5,733.0,-0.16,805.0,816.0,333.0
"Somalia, Fed. Rep.",SOM,51.2,,27.84,1341.3899967872794,1.76,,6.9694278827630285,627340.0,675279888.0,0.681391609413828,-17178.0,49.9860342210653,13.8181818181818,94.5,43.8618107408479,46.6641931415805,5354.0,599.0,48.1,968.0,0.02,0.41,764.0,187.0
Serbia,SRB,99.9,8.0,42.176,14523.53903407022,65.317,17817.156408795934,2.169120755558751,87460.0,13354831835.0,1.69548003219134,-18789.0,66.7748162145044,34.0,21.2,60.1388092041016,26.38480788684204,5318.0,816.0,66.4,546.0,-66.0,859.0,472.0,303.0
South Sudan,SSD,4.8,8.0,64.627,1154.8868630410666,3.0,50635.12275972097,17.689332139315056,631930.0,2193229967.0,8.603652968036531,-159822.0,54.3829174387196,26.5060240963855,27.5,18.8092619601773,82.8557631732366,4071.0,585.0,53.0,512.0,,0.71,553.0,0.45
Suriname,SUR,95.0,6.0,51.55,16543.574305137172,42.7638,25731.9913701646,4.854590609459947,160507.61,705850889.0,,-967.0,65.1878265623845,25.4901960784314,11.6,66.1828815074718,19.09792862187177,,,,,,,,
Slovak Republic,SVK,100.0,10.0,52.773,30147.99036725414,77.6347,30490.581003274936,-0.185692827685429,48082.0,75133153227.0,1.10604733307789,2549.0,70.5178405978439,18.6666666666667,13.4,53.8700628001622,12.471431644674306,6162.0,943.0,67.6,587.0,-0.13,928.0,632.0,269.0
Slovenia,SVN,100.0,9.0,52.43,31336.204385888104,73.0987,45490.26316240491,0.8671983193254249,20142.6,31912323851.0,0.938787933833639,712.0,67.157989987121,36.6666666666667,21.4,53.6612160294144,14.591701298037812,5741.0,901.0,70.0,896.0,4.0,892.0,644.0,261.0
Sweden,SWE,100.0,9.0,59.171,48772.06960572773,90.6102,127476.49574959894,2.255764780434191,407310.64,139202773136.0,1.07374144708625,80534.0,62.9579789502128,43.5530085959885,51.9,86.6158654081858,7.685058026695913,7289.0,929.0,71.4,935.0,208.0,232.0,766.0,191.0
Eswatini,SWZ,64.1,7.0,39.245,8391.07006084602,25.643,20583.386342040547,5.3247052182582735,17200.0,1822299425.0,1.74960240174858,-12582.0,59.8218430407438,6.15384615384615,68.8,23.2660261759632,33.745873423436144,,,,,,,,
Syrian Arab Republic,SYR,90.0,9.0,32.334,,29.9798,2573.555095007699,38.2145477487644,183630.0,2271904133.0,,-827496.0,55.2752903557743,12.4,0.6,75.7529067188542,38.10408812409537,3462.0,464.0,56.3,448.0,39.0,685.0,363.0,643.0
Chad,TCD,7.7,10.0,60.926,2377.511371857513,3.5,13554.907810318342,-6.992069659943866,1259200.0,2222546993.0,1.52397076587984,-48918.0,49.4139321327334,14.8936170212766,72.7,22.8011258828974,89.7647452724175,4323.0,751.0,50.5,474.0,-0.03,889.0,593.0,358.0
Togo,TGO,44.7,10.0,56.857,1879.6683551724268,7.12,2691.0783850253497,2.2027014975329,54390.0,793105082.0,1.67442289494562,-1976.0,55.6964323825485,17.5824175824176,81.0,39.7162551272934,80.2507813639408,3768.0,479.0,54.2,772.0,-89.0,733.0,597.0,416.0
Thailand,THA,99.6,9.0,68.856,15791.171476220708,39.3161,15388.072952685794,0.7221135734125141,510890.0,209599961999.0,1.33732679725458,32500.0,71.5683231839936,6.09137055837564,22.6,46.9521043776171,48.7320077388859,6202.0,866.0,68.0,885.0,314.0,914.0,884.0,174.0
Tajikistan,TJK,98.0,9.0,37.283,2975.470974760923,18.98,7835.525042867809,6.866250949797006,138790.0,1027691782.0,1.28197181934631,-7660.0,60.7331753017178,19.047619047619,48.1,26.478832244873,30.2575356134657,5124.0,844.0,61.4,847.0,17.0,742.0,633.0,196.0
Turkmenistan,TKM,100.0,12.0,41.786,12714.813724036265,14.9968,37442.675803337006,-5.153297787522064,469930.0,9667476357.0,,9936.0,66.7187894661482,25.8064516129032,0.1,47.0100189007695,31.03269205486658,5791.0,0.96,61.7,701.0,92.0,,633.0,301.0
Trinidad and Tobago,TTO,100.0,7.0,61.515,29825.46287530169,65.1,53515.61346931967,-9.013465620915357,5130.0,10974119406.0,0.752974392707466,-575.0,72.3901010958317,30.952380952381,0.4,53.926665238022,16.759547325277502,,,,,,,,
Tunisia,TUN,99.9,9.0,40.296,10782.543838244115,46.5,9952.131678344474,4.213704764365161,155360.0,13441291677.0,2.13959162946471,-25229.0,68.3260271819702,31.3364055299539,12.5,67.8807907104492,19.65841415159545,5132.0,609.0,66.7,711.0,-231.0,815.0,514.0,0.32
Turkiye,TUR,100.0,12.0,46.014,25890.054890105785,53.745,31223.728172752515,7.880941101126069,769630.0,149757321288.0,1.8128485572372897,1063140.0,68.5188387624971,14.9090909090909,13.3,87.2167107972537,28.8142296804772,5514.0,851.0,67.7,653.0,-19.0,806.0,391.0,382.0
,,,,,,,,,,,,,,,,,,6.45,885.0,,701.0,19.0,857.0,0.75,129.0
Tanzania,TZA,26.2,7.0,82.248,2317.27978515625,10.0,6215.255418782173,7.591364023322413,885800.0,5851380721.0,1.09136986722986,201495.0,52.525953864521,36.0,82.8,31.2061566592472,85.6128898007495,3661.0,0.79,56.7,759.0,148.0,906.0,607.0,192.0
Uganda,UGA,18.5,7.0,73.558,2189.964859190032,5.8,8989.873612129486,5.187859864562853,200520.0,2109489994.0,0.9866802876832812,-62366.0,49.9920100332933,34.9740932642487,91.7,24.9777856560427,76.45429287521455,4238.0,747.0,56.3,758.0,131.0,873.0,679.0,353.0
Ukraine,UKR,100.0,11.0,51.147,9921.833984375,48.8846,3990.749515421838,38.88167975999767,579290.0,38034638821.0,3.84784847607093,-21992.0,69.7670395494619,12.085308056872,4.2,69.1587317201337,18.66924106647416,3965.0,909.0,63.8,431.0,-36.0,952.0,531.0,241.0
Uruguay,URY,99.7,14.0,60.072,22168.611418967605,64.5708,48993.93336403601,9.85542032172539,175020.0,6177952069.0,1.76584061733326,-4157.0,64.2445391457347,16.1616161616162,59.4,95.0800002298303,22.94327550295758,6628.0,891.0,67.5,917.0,-42.0,673.0,812.0,0.3
United States,USA,100.0,12.0,58.979,56849.46979231594,74.5542,112118.0212804778,0.7658797400736006,9147420.0,1501958926525.0,3.4644929256427703,1722127.0,66.4980809064681,19.3548387096774,8.9,80.5707989535091,4.019030973746024,6864.0,904.0,66.6,849.0,215.0,698.0,769.0,275.0
Uzbekistan,UZB,99.9,12.0,53.387,6799.5733284218295,42.8,7201.269237816278,10.500699515002635,440600.0,5043359612.0,,-16545.0,66.9631109070887,16.0,1.7,50.6597328186035,34.95265749510073,5972.0,968.0,63.5,0.98,368.0,471.0,778.0,103.0
"Venezuela, RB",VEN,100.0,14.0,57.885,,58.0,,135.53150504605262,882050.0,33631539071.0,0.9413759688666192,-77417.0,65.2656383671706,16.969696969697,15.4,88.9539804079292,31.56301607081657,5569.0,911.0,65.1,512.0,-86.0,813.0,837.0,223.0
Viet Nam,VNM,99.3,10.0,75.999,7671.581977808395,45.0,6722.909270673144,-1.7165117074965508,313383.0,159788661103.0,1.90702805588388,-4888.0,69.5564437980164,24.2971887550201,27.8,32.3810945365679,57.76281657812589,5076.0,849.0,64.9,,66.0,,583.0,232.0
Kosovo,XKX,,,,8714.919663561319,,,0.6078406586338616,,360933064.0,0.7942803040316091,-55524.0,66.528538183944,,,39.917681154075,,5077.0,805.0,,561.0,0.18,851.0,685.0,0.18
"Yemen, Rep.",YEM,67.4,9.0,26.328,,24.0854,23186.64188050372,46.476251218593546,527970.0,332460120.0,,-9883.0,55.4607009337381,0.0,2.0,32.3883178702702,43.3313819649546,2983.0,669.0,58.4,0.61,-135.0,829.0,458.0,321.0
South Africa,ZAF,85.3,9.0,40.862,13397.52348133463,51.9191,20763.84279862882,5.545528123398725,1213090.0,75002310926.0,1.00692862196088,641150.0,66.3218759288748,42.0,7.6,63.2096349937231,9.428804082676336,4887.0,898.0,54.1,862.0,-136.0,853.0,717.0,161.0
Zambia,ZMB,31.1,7.0,55.266,3337.473068876963,8.8,14784.774338865434,6.659292113573429,743390.0,6935518327.0,1.75323445099498,16261.0,53.0836302273751,12.6582278481013,84.0,41.9555104679652,73.36700772436615,4843.0,691.0,52.7,759.0,-39.0,871.0,634.0,382.0
Zimbabwe,ZWE,33.7,7.0,62.559,4045.898647387976,22.7428,8313.642708836363,0.607377582545297,386850.0,2832111045.0,1.88630877860684,-162220.0,52.955903991475,31.4814814814815,80.8,33.5612641766874,68.62524004933978,3703.0,736.0,51.2,667.0,-107.0,0.81,639.0,179.0
